{"cameraMode":{"drawMode":0,"name":"Shaded","section":"Shading Mode"},"sceneLighting":false,"audioPlay":false,"sceneViewState":{"showFog":true,"showMaterialUpdate":false,"showSkybox":true,"showFlares":true,"showImageEffects":true,"showParticleSystems":true},"in2DMode":false,"pivot":{"x":535.2255859375,"y":313.6618957519531,"z":444.7558898925781},"rotation":{"x":0.023096293210983278,"y":-0.015014072880148888,"z":-0.00032388075487688184,"w":-0.9997133612632752},"size":853.2333984375,"orthographic":false}