{"cameraMode":{"drawMode":0,"name":"Shaded","section":"Shading Mode"},"sceneLighting":false,"audioPlay":false,"sceneViewState":{"showFog":true,"showMaterialUpdate":false,"showSkybox":true,"showFlares":true,"showImageEffects":true,"showParticleSystems":true},"in2DMode":false,"pivot":{"x":19.41635513305664,"y":-0.5848631858825684,"z":20.53837776184082},"rotation":{"x":0.024903392419219018,"y":-0.00810385961085558,"z":-0.00002743870936683379,"w":0.9998209476470947},"size":402.8449401855469,"orthographic":false}